---
layout: post
title:  "MySQL5.7çš„JSONåŸºæœ¬æ“ä½œ"
date:   2018-11-18 18:11:06
author: "heropoo"
categories: 
    - MySQL
tags: 
    - MySQL
    - JSON

excerpt: "MySQLä»5.7ç‰ˆæœ¬å¼€å§‹å°±æ”¯æŒJSONæ ¼å¼çš„æ•°æ®ï¼Œæ“ä½œç”¨èµ·æ¥æŒºæ–¹ä¾¿çš„"
---
MySQLä»5.7ç‰ˆæœ¬å¼€å§‹å°±æ”¯æŒJSONæ ¼å¼çš„æ•°æ®ï¼Œæ“ä½œç”¨èµ·æ¥æŒºæ–¹ä¾¿çš„ã€‚

### å»ºè¡¨
åœ¨æ–°å»ºè¡¨æ—¶å­—æ®µç±»å‹å¯ä»¥ç›´æ¥è®¾ç½®ä¸ºjsonç±»å‹ï¼Œæ¯”å¦‚æˆ‘ä»¬åˆ›å»ºä¸€å¼ è¡¨ï¼š
```
mysql> CREATE TABLE `test_user`(`id` INT PRIMARY KEY AUTO_INCREMENT, `name` VARCHAR(50) NOT NULL, `info` JSON);
```
jsonç±»å‹å­—æ®µå¯ä»¥ä¸ºNULL

### æ’å…¥æ•°æ®ï¼š
```
mysql> INSERT INTO test_user(`name`, `info`) VALUES('xiaoming','{"sex": 1, "age": 18, "nick_name": "å°èŒ"}');
```
jsonç±»å‹çš„å­—æ®µå¿…é¡»æ—¶ä¸€ä¸ªæœ‰æ•ˆçš„jsonå­—ç¬¦ä¸²


å¯ä»¥ä½¿ç”¨JSON_OBJECT()å‡½æ•°æ„é€ jsonå¯¹è±¡ï¼š
```
mysql> INSERT INTO test_user(`name`, `info`) VALUES('xiaohua', JSON_OBJECT("sex", 0, "age", 17));
```

ä½¿ç”¨JSON_ARRAY()å‡½æ•°æ„é€ jsonæ•°ç»„ï¼š
```
mysql> INSERT INTO test_user(`name`, `info`) VALUES('xiaozhang', JSON_OBJECT("sex", 1, "age", 19, "tag", JSON_ARRAY(3,5,90)));
```

ç°åœ¨æŸ¥çœ‹`test_user`è¡¨ä¸­çš„æ•°æ®ï¼š
```
mysql> select * from test_user;
+----+-----------+--------------------------------------------+
| id | name      | info                                       |
+----+-----------+--------------------------------------------+
|  1 | xiaoming  | {"age": 18, "sex": 1, "nick_name": "å°èŒ"} |
|  2 | xiaohua   | {"age": 17, "sex": 0}                      |
|  3 | xiaozhang | {"age": 19, "sex": 1, "tag": [3, 5, 90]}   |
+----+-----------+--------------------------------------------+
3 rows in set (0.04 sec)
```

### æŸ¥è¯¢
è¡¨è¾¾å¼ï¼š å¯¹è±¡ä¸º`jsonåˆ—->'$.é”®'`, æ•°ç»„ä¸º`jsonåˆ—->'$.é”®[index]'`
```
mysql> select name, info->'$.nick_name', info->'$.sex', info->'$.tag[0]' from test_user;
+-----------+---------------------+---------------+------------------+
| name      | info->'$.nick_name' | info->'$.sex' | info->'$.tag[0]' |
+-----------+---------------------+---------------+------------------+
| xiaoming  | "å°èŒ"              | 1             | NULL             |
| xiaohua   | NULL                | 0             | NULL             |
| xiaozhang | NULL                | 1             | 3                |
+-----------+---------------------+---------------+------------------+
3 rows in set (0.04 sec)
```

ç­‰ä»·äºï¼šå¯¹è±¡ä¸º`JSON_EXTRACT(jsonåˆ— , '$.é”®')`ï¼Œæ•°ç»„ä¸º`JSON_EXTRACT(jsonåˆ— , '$.é”®[index]')`
```
mysql> select name, JSON_EXTRACT(info, '$.nick_name'), JSON_EXTRACT(info, '$.sex'), JSON_EXTRACT(info, '$.tag[0]')  from test_user;
+-----------+-----------------------------------+-----------------------------+--------------------------------+
| name      | JSON_EXTRACT(info, '$.nick_name') | JSON_EXTRACT(info, '$.sex') | JSON_EXTRACT(info, '$.tag[0]') |
+-----------+-----------------------------------+-----------------------------+--------------------------------+
| xiaoming  | "å°èŒ"                            | 1                           | NULL                           |
| xiaohua   | NULL                              | 0                           | NULL                           |
| xiaozhang | NULL                              | 1                           | 3                              |
+-----------+-----------------------------------+-----------------------------+--------------------------------+
3 rows in set (0.04 sec)
```

ä¸è¿‡çœ‹åˆ°ä¸Šé¢`"å°èŒ"`æ˜¯å¸¦åŒå¼•å·çš„ï¼Œè¿™ä¸æ˜¯æˆ‘ä»¬æƒ³è¦çš„ï¼Œå¯ä»¥ç”¨`JSON_UNQUOTE`å‡½æ•°å°†åŒå¼•å·å»æ‰
```
mysql> select name, JSON_UNQUOTE(info->'$.nick_name') from test_user where name='xiaoming';
+----------+-----------------------------------+
| name     | JSON_UNQUOTE(info->'$.nick_name') |
+----------+-----------------------------------+
| xiaoming | å°èŒ                              |
+----------+-----------------------------------+
1 row in set (0.05 sec)
```

ä¹Ÿå¯ä»¥ç›´æ¥ä½¿ç”¨æ“ä½œç¬¦`->>`
```
mysql> select name, info->>'$.nick_name' from test_user where name='xiaoming';
+----------+----------------------+
| name     | info->>'$.nick_name' |
+----------+----------------------+
| xiaoming | å°èŒ                 |
+----------+----------------------+
1 row in set (0.06 sec)
```

å½“ç„¶å±æ€§ä¹Ÿå¯ä»¥ä½œä¸ºæŸ¥è¯¢æ¡ä»¶
```
mysql> select name, info->>'$.nick_name' from test_user where info->'$.nick_name'='å°èŒ';
+----------+----------------------+
| name     | info->>'$.nick_name' |
+----------+----------------------+
| xiaoming | å°èŒ                 |
+----------+----------------------+
1 row in set (0.05 sec)
```

å€¼å¾—ä¸€æçš„æ˜¯ï¼Œå¯ä»¥é€šè¿‡è™šæ‹Ÿåˆ—å¯¹JSONç±»å‹çš„æŒ‡å®šå±æ€§è¿›è¡Œå¿«é€ŸæŸ¥è¯¢ã€‚

åˆ›å»ºè™šæ‹Ÿåˆ—:
```
mysql> ALTER TABLE `test_user` ADD `nick_name` VARCHAR(50) GENERATED ALWAYS AS (info->>'$.nick_name') VIRTUAL;
```
æ³¨æ„ç”¨æ“ä½œç¬¦`->>`

ä½¿ç”¨æ—¶å’Œæ™®é€šç±»å‹çš„åˆ—æŸ¥è¯¢æ˜¯ä¸€æ ·:
```
mysql> select name,nick_name from test_user where nick_name='å°èŒ';
+----------+-----------+
| name     | nick_name |
+----------+-----------+
| xiaoming | å°èŒ      |
+----------+-----------+
1 row in set (0.05 sec)
```

### æ›´æ–°
ä½¿ç”¨`JSON_INSERT()`æ’å…¥æ–°å€¼ï¼Œä½†ä¸ä¼šè¦†ç›–å·²ç»å­˜åœ¨çš„å€¼
```
mysql> UPDATE test_user SET info = JSON_INSERT(info, '$.sex', 1, '$.nick_name', 'å°èŠ±') where id=2;
```
çœ‹ä¸‹ç»“æœ
```
mysql> select * from test_user where id=2;
+----+---------+--------------------------------------------+-----------+
| id | name    | info                                       | nick_name |
+----+---------+--------------------------------------------+-----------+
|  2 | xiaohua | {"age": 17, "sex": 0, "nick_name": "å°èŠ±"} | å°èŠ±      |
+----+---------+--------------------------------------------+-----------+
1 row in set (0.06 sec)
```

ä½¿ç”¨`JSON_SET()`æ’å…¥æ–°å€¼ï¼Œå¹¶è¦†ç›–å·²ç»å­˜åœ¨çš„å€¼
```
mysql> UPDATE test_user SET info = JSON_SET(info, '$.sex', 0, '$.nick_name', 'å°å¼ ') where id=3;
```
çœ‹ä¸‹ç»“æœ
```
mysql> select * from test_user where id=3;
+----+-----------+---------------------------------------------------------------+-----------+
| id | name      | info                                                          | nick_name |
+----+-----------+---------------------------------------------------------------+-----------+
|  3 | xiaozhang | {"age": 19, "sex": 1, "tag": [3, 5, 90], "nick_name": "å°å¼ "} | å°å¼       |
+----+-----------+---------------------------------------------------------------+-----------+
1 row in set (0.06 sec)
```

ä½¿ç”¨`JSON_REPLACE()`åªæ›¿æ¢å­˜åœ¨çš„å€¼
```
mysql> UPDATE test_user SET info = JSON_REPLACE(info, '$.sex', 1, '$.tag', '[1,2,3]') where id=2;
```
çœ‹ä¸‹ç»“æœ
```
mysql> select * from test_user where id=2;
+----+---------+--------------------------------------------+-----------+
| id | name    | info                                       | nick_name |
+----+---------+--------------------------------------------+-----------+
|  2 | xiaohua | {"age": 17, "sex": 1, "nick_name": "å°èŠ±"} | å°èŠ±      |
+----+---------+--------------------------------------------+-----------+
1 row in set (0.06 sec)
```
å¯ä»¥çœ‹åˆ°tagæ²¡æœ‰æ›´æ–°è¿›å»

### åˆ é™¤
ä½¿ç”¨`JSON_REMOVE()`åˆ é™¤JSONå…ƒç´ 
```
mysql> UPDATE test_user SET info = JSON_REMOVE(info, '$.sex', '$.tag') where id=1;
```
çœ‹ä¸‹ç»“æœ
```
mysql> select * from test_user where id=1;
+----+----------+----------------------------------+-----------+
| id | name     | info                             | nick_name |
+----+----------+----------------------------------+-----------+
|  1 | xiaoming | {"age": 18, "nick_name": "å°èŒ"} | å°èŒ      |
+----+----------+----------------------------------+-----------+
1 row in set (0.05 sec)
```

æœ€åä»MySQLçš„å®˜æ–¹ç½‘ç«™æŸ¥çœ‹å¸®åŠ©æ–‡æ¡£ï¼šhttp://dev.mysql.com/doc/refman/5.7/en/json.html

ğŸ˜